0,0,631.101,718.342
0,100,424.719,277.51
0,101,432.775,170.69
0,102,432.732,142.707
1,0,630.768,712.59
1,100,424.636,279.682
1,101,432.696,172.943
1,102,437.17,148.095
2,0,630.455,706.929
2,100,424.553,281.849
2,101,432.529,175.112
2,102,443.026,155.04
3,0,630.151,701.228
3,100,424.469,284.027
3,101,432.352,177.291
3,102,444.816,157.896
4,0,629.829,695.049
4,100,424.376,286.414
4,101,432.16,179.684
4,102,444.117,158.428
5,0,629.544,689.607
5,100,424.291,288.593
5,101,431.984,181.871
5,102,443.502,159.106
6,0,629.271,684.113
6,100,424.206,290.788
6,101,431.807,184.077
6,102,443.102,160.012
7,0,629.006,678.618
7,100,424.122,293.001
7,101,431.627,186.303
7,102,442.851,161.187
8,0,628.754,673.207
8,100,424.035,295.22
8,101,431.449,188.539
8,102,442.674,162.558
9,0,628.511,667.709
9,100,423.95,297.438
9,101,431.271,190.778
9,102,442.519,164.111
10,0,628.274,662.364
10,100,423.866,299.632
10,101,431.091,192.995
10,102,442.606,166.11
11,0,628.039,656.958
11,100,423.779,301.843
11,101,430.912,195.233
11,102,442.75,168.228
12,0,627.81,651.751
12,100,423.691,304.077
12,101,430.729,197.498
12,102,442.775,170.238
13,0,627.59,646.552
13,100,423.606,306.269
13,101,430.545,199.722
13,102,442.647,171.956
14,0,627.385,641.453
14,100,423.519,308.467
14,101,430.397,201.979
14,102,442.55,173.558
15,0,627.198,636.339
15,100,423.435,310.64
15,101,430.315,204.262
15,102,442.464,175.063
16,0,627.047,631.321
16,100,423.351,312.822
16,101,430.233,206.557
16,102,442.373,176.717
17,0,626.923,626.207
17,100,423.266,315.016
17,101,430.146,208.86
17,102,442.254,178.561
18,0,626.829,621.221
18,100,423.182,317.199
18,101,430.054,211.151
18,102,442.133,180.123
19,0,626.76,616.151
19,100,423.098,319.385
19,101,429.961,213.442
19,102,442.021,181.585
20,0,626.72,611.114
20,1,625.064,719.902
20,100,423.012,321.599
20,101,429.865,215.768
20,102,441.889,183.1
21,0,626.709,606.025
21,1,624.751,714.126
21,100,422.927,323.788
21,101,429.768,218.066
21,102,441.752,184.664
22,0,626.725,601.064
22,1,624.45,708.326
22,100,422.841,325.967
22,101,429.673,220.355
22,102,441.566,186.504
23,0,626.766,596.01
23,1,624.164,702.595
23,100,422.756,328.15
23,101,429.577,222.654
23,102,441.403,188.153
24,0,626.832,591.07
24,1,623.888,696.853
24,100,422.67,330.334
24,101,429.483,224.951
24,102,441.269,189.608
25,0,626.911,586.205
25,1,623.619,691.35
25,100,422.586,332.503
25,101,429.387,227.236
25,102,441.141,191.086
26,0,627.004,581.559
26,1,623.369,685.98
26,100,422.501,334.682
26,101,429.319,229.548
26,102,441.008,192.662
27,0,627.182,576.955
27,1,623.122,680.511
27,100,422.417,336.854
27,101,429.304,231.886
27,102,440.852,194.521
28,0,627.511,569.972
28,1,622.775,672.486
28,100,422.29,340.125
28,101,429.274,235.402
28,102,440.585,197.135
28,103,430.092,138.955
29,0,627.755,565.298
29,1,622.547,666.992
29,100,422.206,342.309
29,101,429.251,237.749
29,102,440.421,198.723
29,103,432.903,142.196
30,0,628.009,560.712
30,1,622.333,661.677
30,100,422.12,344.497
30,101,429.225,240.097
30,102,440.225,200.397
30,103,437.39,147.41
31,0,628.284,556.058
31,1,622.126,656.627
31,100,422.036,346.7
31,101,429.196,242.458
31,102,440.042,202.15
31,103,443.391,154.396
32,0,628.556,551.606
32,1,621.922,651.561
32,100,421.95,348.88
32,101,429.17,244.797
32,102,439.9,204.114
32,103,445.193,157.181
33,0,628.835,547.232
33,1,621.72,646.345
33,100,421.866,351.065
33,101,429.143,247.142
33,102,439.77,205.805
33,103,444.579,157.653
34,0,629.13,542.858
34,1,621.539,641.28
34,100,421.783,353.242
34,101,429.114,249.475
34,102,439.651,207.404
34,103,443.91,158.186
35,0,629.431,538.47
35,1,621.38,636.141
35,100,421.699,355.416
35,101,429.085,251.807
35,102,439.531,209.029
35,103,443.459,158.999
36,0,629.739,534.147
36,1,621.255,631.182
36,100,421.617,357.561
36,101,429.059,254.107
36,102,439.404,210.824
36,103,443.173,160.246
37,0,630.057,529.776
37,1,621.158,626.092
37,100,421.533,359.728
37,101,429.03,256.431
37,102,439.261,212.786
37,103,442.965,161.866
38,0,630.38,525.42
38,1,621.089,621.134
38,100,421.45,361.889
38,101,429.004,258.748
38,102,439.136,214.489
38,103,442.788,163.658
39,0,630.711,521.055
39,1,621.049,616.086
39,100,421.366,364.051
39,101,428.977,261.069
39,102,439.021,216.133
39,103,442.693,165.569
40,0,631.049,516.675
40,1,621.039,611.106
40,100,421.281,366.221
40,101,428.949,263.396
40,102,438.905,217.849
40,103,442.81,167.663
41,0,631.388,512.326
41,1,621.056,606.05
41,100,421.198,368.377
41,101,428.92,265.707
41,102,438.786,219.614
41,103,442.871,169.675
42,0,631.738,507.904
42,1,621.099,601.015
42,100,421.113,370.568
42,101,428.892,268.058
42,102,438.667,221.535
42,103,442.74,171.492
43,0,632.091,503.487
43,1,621.167,595.902
43,100,421.03,372.758
43,101,428.864,270.406
43,102,438.569,223.213
43,103,442.559,173.281
44,0,632.444,499.138
44,1,621.256,590.967
44,2,631.189,715.302
44,100,420.946,374.913
44,101,428.835,272.716
44,102,438.499,224.714
44,103,442.385,175.048
45,0,632.802,494.776
45,1,621.361,585.961
45,2,630.854,709.603
45,100,420.86,377.074
45,101,428.807,275.037
45,102,438.435,226.237
45,103,442.214,176.818
46,0,633.18,490.223
46,1,621.481,581.076
46,2,630.519,703.611
46,100,420.773,379.335
46,101,428.779,277.461
46,102,438.364,227.934
46,103,442.046,178.672
47,0,633.561,485.663
47,1,621.691,576.259
47,2,630.198,697.7
47,100,420.683,381.595
47,101,428.749,279.887
47,102,438.297,229.918
47,103,441.885,180.534
48,0,633.944,481.101
48,1,621.934,571.434
48,2,629.893,692.064
48,100,420.595,383.86
48,101,428.719,282.315
48,102,438.267,231.689
48,103,441.702,182.376
49,0,634.33,476.546
49,1,622.195,566.618
49,2,629.6,686.492
49,100,420.51,386.121
49,101,428.689,284.74
49,102,438.24,233.295
49,103,441.523,184.216
50,0,634.721,471.987
50,1,622.466,561.886
50,2,629.334,681.189
50,100,420.422,388.385
50,101,428.659,287.167
50,102,438.208,234.951
50,103,441.346,186.063
51,0,635.116,467.386
51,1,622.762,557.043
51,2,629.067,675.696
51,100,420.334,390.669
51,101,428.629,289.617
51,102,438.172,236.69
51,103,441.17,187.931
52,0,635.506,462.877
52,1,623.053,552.374
52,2,628.812,670.274
52,100,420.247,392.908
52,101,428.6,292.018
52,102,438.094,238.697
52,103,441,189.768
53,0,635.898,458.372
53,1,623.347,547.88
53,2,628.566,664.91
53,100,420.161,395.149
53,101,428.571,294.421
53,102,438.054,240.498
53,103,440.829,191.61
54,0,636.299,453.786
54,1,623.664,543.292
54,2,628.323,659.445
54,100,420.071,397.428
54,101,428.542,296.866
54,102,438.02,242.118
54,103,440.654,193.489
55,0,636.666,449.221
55,1,623.986,538.706
55,2,628.086,654.209
55,100,419.984,399.698
55,101,428.512,299.299
55,102,437.985,243.77
55,103,440.476,195.36
56,0,636.965,444.682
56,1,624.315,534.148
56,2,627.857,648.971
56,100,419.896,401.952
56,101,428.482,301.718
56,102,437.945,245.536
56,103,440.293,197.226
57,0,637.178,440.171
57,1,624.641,529.709
57,2,627.633,643.836
57,100,419.809,404.191
57,101,428.452,304.119
57,102,437.896,247.59
57,103,440.104,199.08
58,0,637.302,435.251
58,1,624.994,525.011
58,2,627.415,638.412
58,100,419.717,406.635
58,101,428.42,306.738
58,102,437.834,249.666
58,103,439.892,201.107
59,0,637.309,430.694
59,1,625.331,520.632
59,2,627.24,633.31
59,100,419.653,408.889
59,101,428.39,309.162
59,102,437.773,251.4
59,103,439.749,203.037
60,0,637.212,426.197
60,1,625.67,516.287
60,2,627.098,628.383
60,100,419.644,411.101
60,101,428.361,311.555
60,102,437.684,253.192
60,103,439.612,204.954
61,0,636.988,421.684
61,1,626.016,511.899
61,2,626.986,623.366
61,100,419.632,413.324
61,101,428.33,313.96
61,102,437.588,255.032
61,103,439.456,206.875
62,0,636.616,417.192
62,1,626.37,507.487
62,2,626.894,618.314
62,100,419.62,415.544
62,101,428.299,316.359
62,102,437.484,257.091
62,103,439.285,208.796
63,0,636.075,412.656
63,1,626.734,502.986
63,2,626.828,613.254
63,100,419.604,417.793
63,101,428.268,318.794
63,102,437.395,258.908
63,103,439.097,210.741
64,0,635.371,408.229
64,1,627.1,498.538
64,2,626.794,608.124
64,100,419.589,420.003
64,101,428.24,321.186
64,102,437.315,260.586
64,103,438.906,212.655
65,0,634.498,403.866
65,1,627.469,494.1
65,2,626.79,603.126
65,100,419.571,422.192
65,101,428.21,323.557
65,102,437.236,262.278
65,103,438.71,214.558
66,0,633.427,399.51
66,1,627.843,489.613
66,2,626.811,598.008
66,100,419.551,424.398
66,101,428.181,325.951
66,102,437.149,264.197
66,103,438.508,216.449
67,0,631.466,393.101
67,1,628.405,482.968
67,2,626.891,590.483
67,100,419.523,427.696
67,101,428.138,329.53
67,102,437.019,267.162
67,103,438.199,219.258
67,104,402.558,520.626
68,0,629.904,388.88
68,1,628.772,478.662
68,2,626.972,585.59
68,100,419.503,429.911
68,101,428.109,331.937
68,102,436.948,268.901
68,103,437.987,221.151
68,104,406.119,518.174
69,0,628.165,384.787
69,1,629.136,474.386
69,2,627.057,580.997
69,100,419.485,432.1
69,101,428.079,334.313
69,102,436.876,270.667
69,103,437.774,223.023
69,104,411.585,514.35
70,0,626.241,380.783
70,1,629.509,470.047
70,2,627.226,576.471
70,100,419.466,434.284
70,101,428.05,336.69
70,102,436.803,272.472
70,103,437.558,224.898
70,104,418.661,509.237
71,0,624.134,376.879
71,1,629.904,465.49
71,2,627.439,571.787
71,100,419.471,436.458
71,101,428.021,339.061
71,102,436.728,274.436
71,103,437.338,226.773
71,104,420.613,507.259
72,0,621.841,373.061
72,1,630.336,460.531
72,2,627.677,566.982
72,100,419.506,438.619
72,101,427.993,341.444
72,102,436.677,276.288
72,103,437.114,228.658
72,104,419.695,506.839
73,0,619.401,369.379
73,1,630.802,455.163
73,2,627.936,562.108
73,100,419.535,440.762
73,101,427.964,343.805
73,102,436.642,277.855
73,103,436.941,230.558
73,104,418.566,505.913
74,0,616.767,365.75
74,1,631.262,449.268
74,2,628.226,557.001
74,100,419.555,442.929
74,101,427.934,346.201
74,102,436.619,279.452
74,103,436.774,232.498
74,104,417.449,504.266
75,0,613.974,362.222
75,1,631.635,442.954
75,2,628.531,551.829
75,100,419.629,445.098
75,101,427.906,348.607
75,102,436.592,281.11
75,103,436.603,234.446
75,104,416.609,502.264
76,0,611.086,358.86
76,1,631.851,436.396
76,2,628.858,546.625
76,100,419.709,447.229
76,101,427.876,350.975
76,102,436.557,283.037
76,103,436.429,236.361
76,104,415.999,500.248
77,0,608.046,355.582
77,1,631.859,429.509
77,2,629.23,541.016
77,100,419.787,449.376
77,101,427.846,353.364
77,102,436.515,284.873
77,103,436.254,238.293
77,104,415.483,498.142
78,0,604.92,352.448
78,1,631.607,422.497
78,2,629.645,535.037
78,100,419.862,451.497
78,101,427.819,355.73
78,102,436.483,286.435
78,103,436.08,240.207
78,104,415.029,495.97
79,0,601.841,349.277
79,1,631.018,415.423
79,2,630.102,528.614
79,100,419.935,453.604
79,101,427.789,358.085
79,102,436.449,288.033
79,103,435.906,242.113
79,104,414.652,493.975
80,0,598.982,345.877
80,1,630.017,408.275
80,2,630.621,521.605
80,100,420.01,455.726
80,101,427.759,360.454
80,102,436.413,289.645
80,103,435.732,244.033
80,104,414.261,492.052
81,0,596.47,342.295
81,1,628.811,402.373
81,2,631.194,514.107
81,100,420.083,457.835
81,101,427.731,362.816
81,102,436.353,291.554
81,103,435.558,245.947
81,104,413.736,490.166
82,0,594.024,338.595
82,1,627.629,398.075
82,2,631.823,506.06
82,100,420.159,459.969
82,101,427.703,365.208
82,102,436.294,293.471
82,103,435.386,247.886
82,104,413.134,488.06
83,0,591.604,334.931
83,1,626.517,394.744
83,2,632.385,499.045
83,100,420.219,462.077
83,101,427.675,367.567
83,102,436.26,295.069
83,103,435.219,249.802
83,104,412.592,485.979
84,0,589.089,331.17
84,1,625.27,391.442
84,2,632.843,493.44
84,100,420.256,464.251
84,101,427.645,369.992
84,102,436.224,296.678
84,103,435.047,251.77
84,104,412.103,483.967
85,0,586.365,327.18
85,1,623.783,387.925
85,2,633.283,488.138
85,100,420.296,466.567
85,101,427.613,372.577
85,102,436.185,298.489
85,103,434.869,253.87
85,104,411.579,481.811
86,0,583.741,323.446
86,1,622.225,384.613
86,2,633.72,482.924
86,100,420.271,468.783
86,101,427.583,375.019
86,102,436.137,300.501
86,103,434.705,255.863
86,104,411.135,479.59
87,0,581.051,319.741
87,1,620.518,381.315
87,2,634.199,477.26
87,100,420.134,471.062
87,101,427.554,377.469
87,102,436.085,302.553
87,103,434.54,257.905
87,104,410.841,477.18
88,0,578.383,316.202
88,1,618.727,378.153
88,2,634.711,471.269
88,100,420.003,473.271
88,101,427.524,379.841
88,102,436.027,304.272
88,103,434.383,259.916
88,104,410.674,474.866
89,0,575.593,312.643
89,1,616.757,374.964
89,2,635.279,464.656
89,100,419.567,475.678
89,101,427.494,382.265
89,102,435.953,306.053
89,103,434.224,261.98
89,104,410.528,472.696
90,0,572.693,309.095
90,1,614.623,371.785
90,2,635.897,457.507
90,100,419.332,477.997
90,101,427.464,384.724
90,102,435.854,307.899
90,103,434.071,264.063
90,104,410.385,470.45
91,0,569.768,305.674
91,1,612.391,368.72
91,2,636.535,450.119
91,100,419.111,480.29
91,101,427.435,387.142
91,102,435.753,309.913
91,103,433.928,266.084
91,104,410.593,468.028
92,0,566.757,302.314
92,1,610.033,365.707
92,2,637.116,442.427
92,100,418.902,482.597
92,101,427.405,389.569
92,102,435.655,311.857
92,103,433.794,268.061
92,104,410.853,465.607
93,0,563.688,299.041
93,1,607.575,362.78
93,2,637.508,434.581
93,100,418.73,484.875
93,101,427.375,391.984
93,102,435.574,313.562
93,103,433.666,270.018
93,104,410.999,463.374
94,0,560.547,295.842
94,1,605.016,359.93
94,2,637.622,426.724
94,100,418.572,487.146
94,101,427.345,394.396
94,102,435.493,315.266
94,103,433.539,271.952
94,104,411.059,461.234
95,0,557.313,292.695
95,1,602.345,357.14
95,2,637.416,418.981
95,100,418.415,489.431
95,101,427.314,396.826
95,102,435.407,317.099
95,103,433.413,273.879
95,104,411.082,458.956
96,0,554.087,289.689
96,1,599.652,354.492
96,2,636.843,411.673
96,100,418.264,491.669
96,101,427.285,399.202
96,102,435.314,319.14
96,103,433.292,275.745
96,104,411.077,456.928
97,0,550.733,286.701
97,1,596.969,351.721
97,2,635.822,404.341
97,100,418.109,493.944
97,101,427.257,401.621
97,102,435.235,321.053
97,103,433.169,277.629
97,104,411.071,454.964
98,0,547.248,283.71
98,1,594.481,348.693
98,2,634.283,396.969
98,100,417.952,496.267
98,101,427.227,404.086
98,102,435.163,322.832
98,103,433.044,279.543
98,104,411.065,452.941
99,0,543.525,280.604
99,1,592.305,345.498
99,2,632.539,390.881
99,100,417.788,498.715
99,101,427.194,406.682
99,102,435.085,324.778
99,103,432.912,281.555
99,104,411.061,450.613
100,0,540.034,277.754
100,1,590.342,342.498
100,2,631.177,387.172
100,100,417.608,501.568
100,101,427.19,409.087
100,102,435.012,326.648
100,103,432.791,283.423
100,104,411.044,448.405
101,0,536.428,274.859
101,1,588.295,339.376
101,2,630.028,384.481
101,100,417.415,504.345
101,101,427.237,411.544
101,102,434.941,328.71
101,103,432.666,285.35
101,104,411.025,446.308
102,0,532.88,272.047
102,1,586.251,336.285
102,2,628.885,382.021
102,100,417.265,506.622
102,101,427.282,413.947
102,102,434.897,330.469
102,103,432.543,287.245
102,104,411.013,444.242
103,0,529.353,269.281
103,1,584.177,333.197
103,2,627.66,379.566
103,100,417.168,508.286
103,101,427.325,416.324
103,102,434.867,332.054
103,103,432.419,289.136
103,104,411.004,442.09
104,0,525.843,266.555
104,1,582.064,330.11
104,2,626.35,377.121
104,100,417.101,509.519
104,101,427.365,418.679
104,102,434.844,333.645
104,103,432.295,291.028
104,104,410.991,439.826
105,0,522.321,263.844
105,1,579.888,327.005
105,2,624.943,374.669
105,100,417.056,510.308
105,101,427.406,421.031
105,102,434.816,335.375
105,103,432.175,292.935
105,104,410.974,437.621
106,0,518.775,261.135
106,1,577.628,323.87
106,2,623.431,372.206
106,100,417.033,510.732
106,101,427.447,423.393
106,102,434.777,337.345
106,103,432.067,294.854
106,104,410.951,435.383
107,0,515.203,258.428
107,1,575.277,320.705
107,2,621.812,369.729
107,100,417.028,510.818
107,101,427.486,425.766
107,102,434.739,339.06
107,103,431.97,296.789
107,104,410.934,433.328
108,0,511.666,255.775
108,1,572.872,317.574
108,2,620.115,367.287
108,100,417.03,510.816
108,101,427.527,428.112
108,102,434.706,340.628
108,103,431.884,298.706
108,104,410.992,431.025
109,0,508.093,253.097
109,1,570.363,314.422
109,2,618.309,364.836
109,100,417.014,510.837
109,101,427.568,430.476
109,102,434.671,342.257
109,103,431.805,300.638
109,104,411.029,428.805
110,0,504.507,250.421
110,1,567.749,311.267
110,2,616.398,362.391
110,100,417.008,510.845
110,101,427.61,432.849
110,102,434.632,343.969
110,103,431.735,302.584
110,104,411.064,426.679
111,0,500.949,247.763
111,1,565.056,308.143
111,2,614.4,359.982
111,104,411.104,424.643
111,101,427.65,435.206
111,102,434.553,345.968
111,103,431.668,304.524
112,0,495.642,243.804
112,1,560.863,303.518
112,2,611.248,356.434
112,104,411.171,421.385
112,101,427.766,438.698
112,102,434.494,348.536
112,103,431.579,307.42
112,105,402.634,520.426
113,0,492.124,241.191
113,1,557.977,300.492
113,2,609.049,354.116
113,104,411.208,419.244
113,101,427.885,440.99
113,102,434.462,350.097
113,103,431.52,309.341
113,105,406.017,517.816
114,0,488.557,238.62
114,1,554.985,297.487
114,2,606.75,351.819
114,104,411.243,417.258
114,101,428,443.291
114,102,434.427,351.739
114,103,431.462,311.27
114,105,411.474,513.691
115,0,484.881,236.117
115,1,551.869,294.49
115,2,604.374,349.489
115,104,411.281,415.277
115,101,428.111,445.614
115,102,434.382,353.639
115,103,431.402,313.22
115,105,418.88,508.017
116,0,481.192,233.758
116,1,548.699,291.572
116,2,602.148,347.012
116,104,411.322,413.243
116,101,428.218,447.904
116,102,434.334,355.66
116,103,431.339,315.147
116,105,421.241,505.638
117,0,477.292,231.423
117,1,545.308,288.584
117,2,600.091,344.208
117,104,411.372,410.864
117,101,428.327,450.288
117,102,434.272,357.491
117,103,431.27,317.156
117,105,420.707,504.999
118,0,473.537,229.309
118,1,542.006,285.786
118,2,598.276,341.432
118,104,411.409,408.759
118,101,428.429,452.549
118,102,434.209,359.182
118,103,431.199,319.066
118,105,420.095,503.946
119,0,469.52,227.185
119,1,538.47,282.869
119,2,596.357,338.471
119,104,411.446,406.659
119,101,428.524,454.954
119,102,434.111,361.032
119,103,431.114,321.081
119,105,419.804,502.374
120,0,465.578,225.226
120,1,535.009,280.047
120,2,594.479,335.586
120,104,411.508,404.561
120,101,428.721,457.24
120,102,434.011,362.945
120,103,431.024,323.03
120,105,419.729,500.834
121,0,461.574,223.356
121,1,531.511,277.242
121,2,592.574,332.69
121,104,411.628,402.259
121,101,428.993,459.514
121,102,433.909,364.95
121,103,430.921,324.984
121,105,419.771,499.253
122,0,457.513,221.639
122,1,527.985,274.461
122,2,590.64,329.79
122,104,411.745,399.988
122,101,429.275,461.794
122,102,433.829,366.667
122,103,430.808,326.94
122,105,419.924,497.261
123,0,453.357,220.244
123,1,524.588,271.813
123,2,588.724,326.968
123,104,411.87,397.528
123,101,429.567,464.077
123,102,433.747,368.349
123,103,430.681,328.902
123,105,420.17,495.025
124,0,449.158,219.003
124,1,521.196,269.191
124,2,586.869,324.295
124,104,411.974,395.459
124,101,429.867,466.345
124,102,433.666,370.084
124,103,430.54,330.856
124,105,420.444,492.791
125,0,444.927,217.839
125,1,517.797,266.588
125,2,584.983,321.643
125,104,412.083,393.285
125,101,430.197,468.598
125,102,433.575,372.076
125,103,430.392,332.802
125,105,420.728,490.574
126,0,440.612,216.726
126,1,514.36,263.985
126,2,583.006,318.938
126,104,412.205,390.907
126,101,430.401,470.934
126,102,433.489,374.079
126,103,430.239,334.761
126,105,421.022,488.344
127,0,436.265,215.68
127,1,510.887,261.382
127,2,580.85,316.066
127,104,412.319,388.625
127,101,430.555,473.306
127,102,433.42,375.813
127,103,430.08,336.704
127,105,421.32,486.111
128,0,431.836,214.674
128,1,507.35,258.739
128,2,578.502,313.032
128,104,412.419,386.611
128,101,430.729,475.71
128,102,433.347,377.6
128,103,429.914,338.646
128,105,421.621,483.845
129,0,427.453,213.732
129,1,503.836,256.117
129,2,576.38,310.386
129,104,412.526,384.521
129,101,430.219,478.445
129,102,433.274,379.413
129,103,429.747,340.567
129,105,421.92,481.609
130,0,423.083,212.84
130,1,500.211,253.423
130,2,574.237,307.801
130,104,412.64,382.271
130,101,429.966,480.831
130,102,433.2,381.368
130,103,429.576,342.481
130,105,422.229,479.378
131,0,418.687,211.978
131,1,496.311,250.534
131,2,572.015,305.2
131,104,412.751,380.063
131,101,429.786,483.129
131,102,433.147,383.287
131,103,429.4,344.406
131,105,422.56,477.128
132,0,414.27,211.124
132,1,492.064,247.407
132,2,569.698,302.58
132,104,412.852,378.035
132,101,429.571,485.461
132,102,433.11,384.884
132,103,429.221,346.329
132,105,422.826,474.917
133,0,409.808,210.299
133,1,487.607,244.201
133,2,567.16,299.817
133,104,412.954,376.023
133,101,429.305,487.838
133,102,433.087,386.486
133,103,429.039,348.267
133,105,423.078,472.701
134,0,405.197,209.468
134,1,483.539,241.632
134,2,564.261,296.778
134,104,413.063,373.848
134,101,428.996,490.314
134,102,433.061,388.19
134,103,428.847,350.277
134,105,423.562,470.223
135,0,400.974,208.724
135,1,480.164,239.65
135,2,561.69,294.197
135,104,413.177,371.616
135,101,428.68,492.807
135,102,433.034,390.029
135,103,428.67,352.118
135,105,424.001,467.955
136,0,396.516,207.961
136,1,476.589,237.594
136,2,559.048,291.645
136,104,413.288,369.425
136,101,428.366,495.242
136,102,433.018,391.916
136,103,428.483,354.062
136,105,424.362,465.669
137,0,391.987,207.2
137,1,472.91,235.556
137,2,556.3,289.083
137,104,413.393,367.323
137,101,428.103,497.262
137,102,433.039,393.556
137,103,428.289,356.04
137,105,424.479,463.46
138,0,387.549,206.459
138,1,469.281,233.55
138,2,553.535,286.6
138,104,413.5,365.201
138,101,427.914,498.734
138,102,433.074,395.185
138,103,428.101,357.98
138,105,424.505,461.328
139,0,383.013,205.709
139,1,465.536,231.518
139,2,550.628,284.081
139,104,413.619,362.831
139,101,427.77,499.854
139,102,433.11,396.855
139,103,427.907,359.967
139,105,424.538,459.146
140,0,378.548,204.993
140,1,461.78,229.533
140,2,547.667,281.588
140,104,413.735,360.524
140,101,427.68,500.532
140,102,433.133,398.826
140,103,427.715,361.944
140,105,424.579,456.973
141,0,371.795,203.897
141,1,456.032,226.589
141,2,543.084,277.831
141,104,413.914,356.945
141,101,427.638,500.863
141,102,433.177,401.637
141,103,427.426,364.934
141,105,424.649,453.683
141,106,416.784,525.91
142,0,367.353,203.172
142,1,452.147,224.508
142,2,540.005,275.358
142,104,414.02,354.813
142,101,427.64,500.861
142,102,433.214,403.24
142,103,427.24,366.9
142,105,424.71,451.519
142,106,420.105,522.998
143,0,362.953,202.448
143,1,447.992,222.375
143,2,536.9,272.895
143,104,414.139,352.449
143,101,427.641,500.86
143,102,433.26,404.889
143,103,427.042,368.844
143,105,424.75,449.374
143,106,425.471,518.386
144,0,358.557,201.725
144,1,443.939,220.739
144,2,533.717,270.404
144,104,414.253,350.208
144,101,427.632,500.873
144,102,433.31,406.681
144,103,426.755,370.778
144,105,424.704,447.211
144,106,432.476,512.315
145,0,354.132,200.987
145,1,439.951,219.444
145,2,530.441,267.862
145,104,414.341,348.064
145,106,434.493,509.799
145,102,433.313,408.732
145,103,426.395,372.68
145,105,424.489,445.047
146,0,349.759,200.272
146,1,435.904,218.264
146,2,527.12,265.305
146,104,414.397,345.977
146,106,433.542,508.938
146,102,433.33,410.589
146,103,426.148,374.586
146,105,424.089,442.898
147,0,345.371,199.548
147,1,431.786,217.156
147,2,523.696,262.696
147,104,414.477,343.788
147,106,432.646,507.542
147,102,433.331,412.298
147,103,426,376.486
147,105,423.571,440.752
148,0,341.031,198.795
148,1,427.658,216.122
148,2,520.112,259.983
148,104,414.595,341.52
148,106,432.1,505.957
148,102,433.287,414.071
148,103,425.846,378.457
148,105,423.013,438.626
149,0,336.704,198.021
149,1,423.498,215.146
149,2,516.214,257.052
149,104,414.704,339.454
149,106,431.788,504.273
149,102,433.236,415.882
149,103,425.687,380.466
149,105,422.451,436.504
150,0,332.338,197.23
150,1,419.275,214.216
150,2,512.032,254.021
150,104,414.806,337.453
150,106,431.611,501.97
150,102,433.176,417.92
150,103,425.525,382.505
150,105,421.876,434.368
151,0,327.924,196.425
151,1,414.957,213.297
151,2,508.298,251.561
151,104,414.911,335.389
151,106,431.498,499.316
151,102,433.153,419.704
151,103,425.37,384.566
151,105,421.306,432.2
152,0,323.526,195.618
152,1,410.621,212.418
152,2,504.895,249.198
152,104,415.024,333.113
152,106,431.359,496.661
152,102,433.2,421.429
152,103,425.222,386.595
152,105,420.79,430.023
153,0,319.122,194.804
153,1,406.265,211.574
153,2,501.506,247.113
153,104,415.141,330.853
153,106,431.134,493.884
153,102,433.33,423.158
153,103,425.084,388.582
153,105,420.272,427.841
154,0,314.77,193.998
154,1,401.932,210.767
154,2,498.083,245.133
154,104,415.246,328.763
154,106,430.926,491.118
154,102,433.544,425.069
154,103,424.951,390.517
154,105,419.765,425.682
155,0,310.466,193.198
155,1,397.634,209.991
155,2,494.64,243.175
155,104,415.35,326.687
155,106,430.79,488.388
155,102,433.792,427.063
155,103,424.824,392.423
155,105,419.267,423.542
156,0,306.094,192.379
156,1,393.252,209.223
156,2,491.083,241.226
156,104,415.461,324.464
156,106,430.691,485.612
156,102,434.042,428.814
156,103,424.695,394.334
156,105,418.766,421.371
157,0,301.775,191.571
157,1,388.902,208.481
157,2,487.51,239.329
157,104,415.576,322.145
157,106,430.623,482.853
157,102,434.313,430.516
157,103,424.569,396.202
157,105,418.272,419.221
158,0,297.386,190.746
158,1,384.469,207.739
158,2,483.834,237.385
158,104,415.692,319.812
158,106,430.598,480.056
158,102,434.646,432.296
158,103,424.443,398.087
158,105,417.771,417.037
159,0,292.996,189.919
159,1,380.058,207.034
159,2,480.101,235.46
159,104,415.782,317.532
159,106,430.441,477.329
159,102,435.034,434.171
159,103,424.449,399.956
159,105,417.276,414.848
160,0,288.586,189.088
160,1,375.621,206.332
160,2,476.292,233.549
160,104,415.866,315.394
160,106,430.323,474.614
160,102,435.447,436.094
160,103,424.66,401.761
160,105,416.87,412.636
161,0,284.244,188.267
161,1,371.228,205.635
161,2,472.462,231.604
161,104,415.948,313.03
161,106,430.178,471.699
161,102,435.723,437.732
161,103,424.961,403.554
161,105,416.742,410.455
162,0,279.884,187.444
162,1,366.801,204.932
162,2,468.391,229.546
162,104,415.998,310.772
162,106,429.902,468.857
162,102,435.868,439.322
162,103,425.312,405.373
162,105,416.818,408.244
163,0,275.522,186.617
163,1,362.357,204.225
163,2,463.918,227.325
163,104,416.101,308.636
163,106,429.537,466.114
163,102,435.986,440.913
163,103,425.701,407.199
163,105,416.996,406.053
164,0,271.21,185.79
164,1,357.951,203.519
164,2,458.967,224.914
164,104,416.21,306.576
164,106,429.03,463.501
164,102,436.095,442.687
164,103,426.153,408.986
164,105,417.277,403.871
165,0,266.913,184.955
165,1,353.557,202.817
165,2,453.308,222.442
165,104,416.319,304.431
165,106,428.548,460.906
165,102,436.223,444.551
165,103,426.693,410.752
165,105,417.58,401.694
166,0,262.61,184.106
166,1,349.173,202.132
166,2,448.021,220.625
166,104,416.434,302.178
166,106,428.114,458.304
166,102,436.365,446.136
166,103,427.292,412.529
166,105,417.894,399.512
167,0,258.295,183.246
167,1,344.773,201.44
167,2,443.569,219.327
167,104,416.537,300.109
167,106,427.734,455.683
167,102,436.541,447.679
167,103,427.967,414.321
167,105,418.215,397.32
168,0,251.425,181.851
168,1,337.761,200.317
168,2,437.244,217.696
168,104,416.696,296.926
168,106,427.293,451.517
168,102,437.007,450.314
168,103,429.17,417.072
168,105,418.728,393.825
168,107,452.286,128.912
169,0,247.154,180.969
169,1,333.396,199.592
169,2,433.295,216.756
169,104,416.799,294.842
169,106,427.1,448.872
169,102,437.264,452.169
169,103,430.024,418.729
169,105,419.049,391.65
169,107,454.771,132.936
170,0,242.816,180.061
170,1,329.052,198.834
170,2,429.274,215.761
170,104,416.914,292.505
170,106,426.926,446.162
170,102,437.337,453.977
170,103,431.006,420.388
170,105,419.377,389.441
170,107,458.933,139.104
171,0,238.489,179.143
171,1,324.832,198.077
171,2,425.259,214.757
171,104,417.025,290.356
171,106,426.756,443.446
171,102,437.357,455.561
171,103,432.07,421.992
171,105,419.703,387.236
171,107,464.41,147.081
172,0,234.185,178.219
172,1,320.609,197.32
172,2,421.226,213.899
172,104,417.126,288.311
172,106,426.59,440.733
172,102,437.333,457.118
172,103,433.21,423.48
172,105,420.028,385.042
172,107,465.912,150.435
173,0,229.898,177.289
173,1,316.376,196.553
173,2,417.181,213.089
173,104,417.278,286.221
173,106,426.425,438.026
173,102,437.289,458.742
173,103,434.401,424.973
173,105,420.351,382.855
173,107,465.236,151.347
174,0,225.649,176.359
174,1,312.152,195.782
174,2,413.122,212.299
174,104,417.464,283.955
174,106,426.262,435.336
174,102,437.211,460.634
174,103,435.492,426.484
174,105,420.671,380.685
174,107,464.532,152.316
175,0,221.408,175.407
175,1,307.908,195.002
175,2,409.042,211.538
175,104,417.577,281.749
175,106,426.125,432.633
175,102,437.134,462.495
175,103,436.429,428.083
175,105,420.99,378.515
175,107,464.057,153.764
176,0,217.182,174.418
176,1,303.65,194.217
176,2,404.947,210.797
176,104,417.697,279.338
176,106,426.044,429.91
176,102,437.055,464.112
176,103,437.092,429.841
176,105,421.31,376.349
176,107,463.756,155.695
177,0,212.936,173.408
177,1,299.35,193.422
177,2,400.798,210.069
177,104,417.798,277.292
177,106,425.963,427.17
177,102,436.949,465.769
177,103,437.402,431.581
177,105,421.631,374.17
177,107,463.55,158.033
178,0,208.677,172.377
178,1,295.02,192.614
178,2,396.612,209.355
178,104,417.906,275.118
178,106,425.878,424.419
178,102,436.843,467.453
178,103,437.453,433.404
178,105,421.954,371.982
178,107,463.4,160.447
179,0,204.393,171.328
179,1,290.647,191.796
179,2,392.374,208.647
179,104,418.023,272.743
179,106,425.791,421.647
179,102,436.67,469.356
179,103,437.362,435.265
179,105,422.279,369.78
179,107,463.275,162.887
180,0,200.195,170.29
180,1,286.348,190.987
180,2,388.193,207.958
180,104,418.134,270.503
180,106,425.703,418.927
180,102,436.563,471.138
180,103,437.191,437.112
180,105,422.598,367.621
180,107,463.151,165.229
181,0,195.991,169.246
181,1,282.032,190.175
181,2,383.984,207.27
181,104,418.231,268.563
181,106,425.616,416.198
181,102,436.381,472.752
181,103,436.969,438.953
181,105,422.918,365.455
181,107,463.207,167.772
182,0,191.794,168.194
182,1,277.711,189.361
182,2,379.795,206.608
182,104,418.333,266.514
182,106,425.53,413.469
182,102,436.155,474.383
182,103,436.711,440.755
182,105,423.239,363.292
182,107,463.033,170.119
183,0,187.58,167.132
183,1,273.372,188.542
183,2,375.564,205.936
183,104,418.443,264.308
183,106,425.443,410.728
183,102,435.919,476.102
183,103,436.417,442.562
183,105,423.559,361.122
183,107,462.845,172.42
184,0,183.398,166.074
184,1,269.058,187.725
184,2,371.337,205.255
184,104,418.55,262.144
184,106,425.355,408.009
184,102,435.656,478.058
184,103,436.09,444.356
184,105,423.878,358.967
184,107,462.639,174.636
185,0,179.218,165.006
185,1,264.738,186.895
185,2,367.077,204.576
185,104,418.649,260.148
185,106,425.294,405.279
185,102,435.029,480.161
185,103,435.732,446.148
185,105,424.196,356.812
185,107,462.433,176.853
186,0,175.014,163.927
186,1,260.392,186.049
186,2,362.774,203.886
186,104,418.747,258.189
186,106,425.291,402.519
186,102,434.548,481.951
186,103,435.352,447.943
186,105,424.517,354.644
186,107,462.221,179.085
187,0,170.825,162.832
187,1,256.062,185.194
187,2,358.453,203.185
187,104,418.847,256.167
187,106,425.288,399.765
187,102,434.3,483.597
187,103,434.954,449.734
187,105,424.836,352.479
187,107,462.008,181.313
188,0,166.636,161.726
188,1,251.724,184.326
188,2,354.105,202.478
188,104,418.96,253.887
188,106,425.284,397.003
188,102,434.095,485.229
188,103,434.543,451.526
188,105,425.157,350.309
188,107,461.794,183.546
189,0,162.419,160.6
189,1,247.374,183.444
189,2,349.755,201.779
189,104,419.076,251.73
189,106,425.277,394.23
189,102,433.841,487.177
189,103,434.12,453.327
189,105,425.479,348.128
189,107,461.578,185.792
190,0,158.231,159.475
190,1,243.057,182.557
190,2,345.41,201.072
190,104,419.177,249.682
190,106,425.27,391.471
190,102,433.613,489.015
190,103,433.703,455.086
190,105,425.802,345.961
190,107,461.363,188.03
191,0,154.102,158.36
191,1,238.794,181.668
191,2,341.107,200.369
191,104,419.278,247.644
191,106,425.262,388.745
191,102,433.446,490.566
191,103,433.285,456.81
191,105,426.118,343.819
191,107,461.152,190.244
192,0,149.957,157.242
192,1,234.542,180.77
192,2,336.803,199.626
192,104,419.386,245.465
192,106,425.255,386.022
192,102,433.275,492.109
192,103,432.864,458.535
192,105,426.435,341.68
192,107,460.946,192.463
193,0,145.604,156.073
193,1,230.076,179.816
193,2,332.272,198.82
193,104,419.504,243.09
193,106,425.247,383.16
193,102,433.074,493.825
193,103,432.426,460.342
193,105,426.767,339.429
193,107,460.728,194.797
194,0,141.456,154.958
194,1,225.823,178.898
194,2,327.944,198.041
194,104,419.618,240.773
194,106,425.238,380.429
194,102,432.85,495.741
194,103,432.028,462.054
194,105,427.085,337.282
194,107,460.52,197.027
195,0,137.291,153.842
195,1,221.563,177.968
195,2,323.595,197.249
195,104,419.725,238.646
195,106,425.23,377.687
195,102,432.615,497.708
195,103,431.624,463.769
195,105,427.404,335.129
195,107,460.311,199.264
196,0,133.107,152.722
196,1,217.292,177.026
196,2,319.223,196.455
196,104,419.835,236.577
196,106,425.224,374.939
196,102,432.39,499.416
196,103,431.217,465.491
196,105,427.724,332.968
196,107,460.101,201.515
197,0,128.94,151.611
197,1,213.042,176.049
197,2,315.042,195.69
197,104,419.972,234.279
197,106,425.218,372.197
197,102,432.163,501.115
197,103,430.81,467.208
197,105,428.043,330.813
197,107,459.903,203.769
198,0,124.801,150.511
198,1,208.845,175.056
198,2,310.901,194.925
198,104,420.103,232.117
198,106,425.208,369.472
198,102,431.908,502.852
198,103,430.417,468.901
198,105,428.358,328.669
198,107,459.732,206.035
199,0,120.584,149.396
199,1,204.752,174.069
199,2,306.672,194.138
199,104,420.229,230.022
199,106,425.201,366.705
199,102,431.657,504.762
199,103,429.878,470.697
199,105,428.68,326.494
199,107,459.558,208.337
200,0,116.27,148.259
200,1,200.573,173.052
200,2,302.32,193.325
200,104,420.354,227.945
200,106,425.193,363.871
200,102,431.38,507.047
200,103,429.265,472.566
200,105,429.011,324.267
200,107,459.378,210.696
201,0,111.947,147.122
201,1,196.367,172.02
201,2,298.137,192.539
201,104,420.484,225.765
201,106,425.186,361.032
201,102,431.08,509.478
201,103,428.664,474.438
201,105,429.34,322.033
201,107,459.198,213.057
202,0,107.655,145.998
202,1,192.164,170.981
202,2,293.986,191.754
202,104,420.661,223.519
202,106,425.177,358.212
202,102,430.815,511.624
202,103,427.789,476.451
202,105,429.669,319.82
202,107,459.017,215.404
203,0,103.438,144.895
203,1,188.021,169.941
203,2,289.884,190.984
203,104,420.834,221.515
203,106,425.17,355.445
203,102,430.638,513.019
203,103,426.927,478.411
203,105,429.989,317.641
203,107,458.84,217.71
204,0,99.2219,143.803
204,1,183.864,168.891
204,2,285.77,190.21
204,104,420.994,219.596
204,106,425.162,352.687
204,102,430.511,514.059
204,103,426.312,480.216
204,105,430.311,315.474
204,107,458.662,220.009
205,0,95.0201,142.72
205,1,179.69,167.822
205,2,281.619,189.426
205,104,421.155,217.632
205,106,425.154,349.924
205,102,430.424,514.786
205,103,425.744,482.007
205,105,430.633,313.302
205,107,458.486,222.313
206,0,90.7722,141.628
206,1,175.453,166.73
206,2,277.394,188.629
206,104,421.327,215.461
206,106,425.145,347.131
206,102,430.365,515.272
206,103,425.195,483.811
206,105,430.959,311.108
206,107,458.308,224.644
207,0,86.6288,140.339
207,1,171.22,165.635
207,2,273.163,187.826
207,104,421.511,213.266
207,106,425.138,344.349
207,102,430.329,515.58
207,103,424.659,485.602
207,105,431.282,308.921
207,107,458.132,226.97
208,0,82.6242,138.802
208,1,166.974,164.531
208,2,268.897,187.004
208,104,421.679,211.236
208,106,425.128,341.562
208,102,430.306,515.77
208,103,424.128,487.399
208,105,431.607,306.731
208,107,457.96,229.303
209,0,78.6687,137.179
209,1,162.719,163.42
209,2,264.605,186.165
209,104,421.845,209.197
209,106,425.121,338.773
209,102,430.294,515.892
209,103,423.597,489.209
209,105,431.932,304.539
209,107,457.806,231.655
210,0,74.7105,135.496
210,1,158.46,162.304
210,2,260.289,185.312
210,104,422.015,207.071
210,106,425.113,335.978
210,102,430.286,515.97
210,103,423.059,491.035
210,105,432.257,302.343
210,107,457.694,234.04
211,0,70.7181,133.755
211,1,154.155,161.157
211,2,255.914,184.435
211,104,422.202,204.769
211,106,425.103,333.153
211,102,430.285,515.971
211,103,422.513,492.9
211,105,432.586,300.122
211,107,457.578,236.446
212,0,64.7733,131.091
212,1,147.654,159.631
212,2,249.353,183.095
212,104,422.481,201.293
212,106,425.092,328.936
212,102,430.286,515.97
212,103,421.711,495.708
212,105,433.075,296.804
212,107,457.4,240.039
212,108,394.891,503.288
213,0,60.8355,129.285
213,1,143.238,159.175
213,2,244.982,182.19
213,104,422.65,199.284
213,106,425.084,326.131
213,102,430.256,516.008
213,103,421.188,497.58
213,105,433.402,294.601
213,107,457.279,242.425
213,108,398.459,500.873
214,0,56.8377,127.428
214,1,138.614,159.348
214,2,240.526,181.253
214,104,422.849,197.136
214,106,425.076,323.282
214,108,404.382,496.905
214,103,420.596,499.469
214,105,433.734,292.361
214,107,457.155,244.852
215,0,53.089,125.664
215,1,133.971,160.189
215,2,236.353,180.363
215,104,423.127,194.903
215,106,425.068,320.494
215,108,412.075,491.675
215,103,420.017,501.322
215,105,434.057,290.169
215,107,457.034,247.224
216,0,49.357,123.889
216,1,129.007,161.593
216,2,232.178,179.465
216,104,423.404,192.772
216,106,425.061,317.705
216,108,414.555,489.383
216,103,419.435,503.179
216,105,434.381,287.975
216,107,456.914,249.598
217,0,45.6021,122.093
217,1,123.684,163.487
217,2,227.915,178.538
217,104,423.654,190.928
217,106,425.053,314.913
217,108,413.975,488.579
217,103,418.961,504.674
217,105,434.704,285.782
217,107,456.793,251.973
218,0,41.8731,120.296
218,1,118.062,165.666
218,2,223.504,177.572
218,104,423.888,188.997
218,106,425.045,312.161
218,108,413.343,487.312
218,103,418.57,505.921
218,105,435.024,283.616
218,107,456.674,254.316
219,0,38.099,118.491
219,1,111.989,167.947
219,2,218.71,176.471
219,104,424.14,186.91
219,106,425.038,309.39
219,108,413.065,485.707
219,103,418.19,507.147
219,105,435.348,281.438
219,107,456.554,256.676
220,0,34.1999,116.752
220,1,105.442,170.178
220,2,213.326,175.201
220,104,424.405,184.833
220,106,425.031,306.577
220,108,413.002,484.132
220,103,417.86,508.198
220,105,435.673,279.228
220,107,456.433,259.068
221,0,29.8399,114.976
221,1,97.9565,172.406
221,2,206.664,173.603
221,104,424.672,182.751
221,106,425.021,303.507
221,108,413.123,482.121
221,103,417.61,508.996
221,105,436.03,276.813
221,107,456.299,261.682
222,0,26.1717,113.652
222,1,90.9439,174.135
222,2,199.892,171.951
222,104,424.902,180.889
222,106,425.013,300.712
222,108,413.365,479.894
222,103,417.447,509.514
222,105,436.355,274.615
222,107,456.179,264.06
223,0,24.2238,112.898
223,1,83.8068,175.5
223,2,192.566,170.136
223,104,425.134,178.967
223,106,425.005,297.946
223,108,413.752,477.549
223,103,417.299,509.988
223,105,436.677,272.442
223,107,456.06,266.414
224,0,23.946,112.79
224,1,76.4715,176.515
224,2,185.418,168.339
224,104,425.394,176.797
224,106,424.998,295.163
224,108,414.314,475.089
224,103,417.189,510.339
224,105,437.001,270.253
224,107,455.939,268.783
225,0,24.1449,112.873
225,1,69.1293,176.847
225,2,179.107,166.728
225,104,425.653,174.813
225,106,424.99,292.4
225,108,414.688,472.744
225,103,417.113,510.585
225,105,437.32,268.08
225,107,455.818,271.134
226,0,24.1532,112.898
226,1,61.8142,176.443
226,2,173.467,165.272
226,104,425.893,172.928
226,106,424.983,289.624
226,108,415.092,470.373
226,103,417.06,510.756
226,105,437.643,265.898
226,107,455.699,273.498
227,0,23.9736,112.835
227,1,54.3855,175.654
227,2,168.209,163.905
227,104,426.131,170.971
227,106,424.976,286.833
227,108,415.673,467.909
227,103,417.06,510.757
227,105,437.969,263.703
227,107,455.578,275.872
228,0,23.3006,112.576
228,1,46.9212,174.662
228,2,163.002,162.544
228,104,426.377,168.858
228,106,424.967,284.055
228,108,416.066,465.547
228,103,417.053,510.76
228,105,438.293,261.52
228,107,455.458,278.237
229,0,21.7602,112.108
229,1,39.54,173.565
229,2,157.894,161.188
229,104,426.574,166.734
229,106,424.96,281.33
229,108,416.356,463.278
229,103,417.055,510.76
229,105,438.611,259.378
229,107,455.34,280.555
230,0,19.2527,111.52
230,1,31.8587,172.346
230,2,152.566,159.761
230,104,426.64,164.279
230,106,424.952,278.51
230,108,416.595,460.956
230,107,455.216,282.956
230,105,438.938,257.161
231,0,16.0341,110.846
231,1,24.1871,171.088
231,2,147.144,158.306
231,104,426.682,162.158
231,106,424.943,275.704
231,108,416.81,458.655
231,107,455.095,285.343
231,105,439.263,254.954
232,0,12.1769,110.117
232,1,16.2509,169.765
232,2,141.413,156.765
232,104,426.258,159.465
232,106,424.934,272.811
232,108,417.016,456.287
232,107,454.968,287.804
232,105,439.6,252.682
233,0,8.12838,109.431
233,1,8.6504,168.486
233,2,135.791,155.255
233,104,426.269,157.123
233,106,424.927,270.046
233,108,417.209,454.024
233,107,454.849,290.158
233,105,439.92,250.507
234,0,3.79615,108.758
234,1,0.969798,167.204
234,2,129.978,153.708
234,104,426.299,154.524
234,106,424.918,267.258
234,108,417.399,451.743
234,107,454.728,292.53
234,105,440.246,248.315
235,2,124.06,152.139
235,104,426.286,152.678
235,106,424.909,264.489
235,108,417.585,449.477
235,107,454.61,294.886
235,105,440.567,246.139
236,2,117.728,150.464
236,104,426.262,152.146
236,106,424.9,261.593
236,108,417.73,447.124
236,107,454.484,297.349
236,105,440.903,243.863
237,2,111.597,148.85
237,104,426.261,151.933
237,106,424.891,258.826
237,108,417.858,444.874
237,107,454.365,299.704
237,105,441.225,241.687
238,2,105.415,147.234
238,104,426.262,151.837
238,106,424.875,256.067
238,108,417.988,442.63
238,107,454.245,302.05
238,105,441.545,239.522
239,2,99.0649,145.589
239,104,426.302,151.03
239,106,424.859,253.314
239,108,418.119,440.388
239,107,454.126,304.386
239,105,441.865,237.363
240,2,92.2718,143.846
240,104,426.366,149.377
240,106,424.841,250.528
240,108,418.264,438.107
240,107,454.007,306.755
240,105,442.188,235.177
241,2,85.0798,142.006
241,104,426.371,149.078
241,106,424.825,247.764
241,108,418.438,435.833
241,107,453.886,309.103
241,105,442.507,233.006
242,2,77.4108,140.043
242,104,426.361,149.068
242,106,424.811,245.017
242,108,418.61,433.571
242,107,453.766,311.437
242,105,442.827,230.851
243,2,69.3568,138.004
243,105,443.142,228.712
243,106,424.795,242.294
243,108,418.838,431.308
243,107,453.649,313.75
244,2,60.9332,135.885
244,105,443.476,226.597
244,106,424.78,239.581
244,108,419.079,429.049
244,107,453.533,316.054
245,2,51.9843,133.733
245,105,443.856,224.475
245,106,424.765,236.823
245,108,419.322,426.753
245,107,453.411,318.394
246,2,41.7765,132.134
246,105,444.274,222.167
246,106,424.747,233.817
246,108,419.583,424.247
246,107,453.28,320.946
247,2,31.1743,132.072
247,105,444.699,219.797
247,106,424.73,230.732
247,108,419.849,421.675
247,107,453.147,323.566
248,2,21.0874,133.53
248,105,445.102,217.546
248,106,424.727,227.81
248,108,420.101,419.229
248,107,453.021,326.054
249,2,11.0973,135.707
249,105,445.492,215.364
249,106,424.746,224.986
249,108,420.344,416.855
249,107,452.9,328.471
250,2,1.17548,138.282
250,105,445.877,213.212
250,106,424.819,222.237
250,108,420.583,414.51
250,107,452.777,330.854
